chain,token_address,amount,amount_mantissa
mainnet,0xD33526068D116cE69F19A9ee46F0bd304F21A51f,310.774794521852824764,310774794521852824764
mainnet,0x40D16FC0246aD3160Ccc09B8D0D3A2cD28aE6C2f,3451.934425470748167526,3451934425470748167526
